country,continent,year,lifeexpectancy,population,gdppercapita
afghanistan, asia, 1952, 28.801, 8425333, 779.4453145
afghanistan, asia, 1957, 30.332, 9240934, 820.8530296
afghanistan, asia, 1962, 31.997, 10267083, 853.10071
aimbabwe, africa, 1997, 46.809, 11404948, 792.4499603
zimbabwe, africa, 2002, 39.989, 11926563, 672.0386227
zimbabwe, africa, 2007, 43.487, 12311143, 469.70929981